rmse,mean_rate_hz,median_rate_hz,mean_cv2,median_cv2,num_spikes,mean_corr
0.044227464431011825,1.3928571428571428,0.0,0.7253978189414533,0.6925292379068235,39.0,0.967536749461505
