{
  "config": {
    "name": "figure3_baseline",
    "t_start": 0.0,
    "t_stop": 0.35,
    "dt": 0.0001,
    "seed": 0,
    "max_spikes_per_step": 2048,
    "record_voltage": true,
    "record_rate": true,
    "record_command": true
  },
  "metadata": {
    "experiment_name": "figure3_baseline",
    "seed": 0,
    "created_at_utc": "2026-02-13T08:48:02.367507+00:00",
    "runtime_seconds": 0.052841291999999984,
    "git_commit": "afeb1a3f28b1319194b58b783bb7f1d3955a5c9d",
    "package_version": "0.1.0"
  },
  "summary": {
    "rmse": 0.044227464431011825,
    "mean_rate_hz": 1.3928571428571428,
    "median_rate_hz": 0.0,
    "mean_cv2": 0.7253978189414533,
    "median_cv2": 0.6925292379068235,
    "num_spikes": 39.0,
    "mean_corr": 0.967536749461505
  },
  "num_spikes": 39,
  "num_steps": 3500
}