rmse,mean_rate_hz,median_rate_hz,mean_cv2,median_cv2,num_spikes,mean_corr
0.043144066433356464,1.4285714285714284,0.0,0.8952413669537854,0.7373022771124942,40.0,0.9665148218118305
