{
  "config": {
    "name": "figure3_perturbed",
    "t_start": 0.0,
    "t_stop": 0.35,
    "dt": 0.0001,
    "seed": 0,
    "max_spikes_per_step": 2048,
    "record_voltage": true,
    "record_rate": true,
    "record_command": true
  },
  "metadata": {
    "experiment_name": "figure3_perturbed",
    "seed": 0,
    "created_at_utc": "2026-02-13T08:48:02.430488+00:00",
    "runtime_seconds": 0.05363941699999997,
    "git_commit": "afeb1a3f28b1319194b58b783bb7f1d3955a5c9d",
    "package_version": "0.1.0"
  },
  "summary": {
    "rmse": 0.043144066433356464,
    "mean_rate_hz": 1.4285714285714284,
    "median_rate_hz": 0.0,
    "mean_cv2": 0.8952413669537854,
    "median_cv2": 0.7373022771124942,
    "num_spikes": 40.0,
    "mean_corr": 0.9665148218118305
  },
  "num_spikes": 40,
  "num_steps": 3500
}