{
  "config": {
    "name": "figure6_oscillator",
    "t_start": 0.0,
    "t_stop": 0.35,
    "dt": 0.0001,
    "seed": 1,
    "max_spikes_per_step": 2048,
    "record_voltage": true,
    "record_rate": true,
    "record_command": true
  },
  "metadata": {
    "experiment_name": "figure6_oscillator",
    "seed": 1,
    "created_at_utc": "2026-02-13T08:50:00.097233+00:00",
    "runtime_seconds": 0.05982900000000002,
    "git_commit": "afeb1a3f28b1319194b58b783bb7f1d3955a5c9d",
    "package_version": "0.1.0"
  },
  "summary": {
    "rmse": 0.015847522307981386,
    "mean_rate_hz": 11.428571428571427,
    "median_rate_hz": 11.428571428571429,
    "mean_cv2": 1.1718459069646971,
    "median_cv2": 1.163885570808218,
    "num_spikes": 160.0,
    "mean_corr": 0.9098312529854313
  },
  "num_spikes": 160,
  "num_steps": 3500
}